,S101,S109,S102,S106,S108,S98,S107,S103,S104,S105,S75,S64,S73,S74,S27,S26,S89,S90,S91,S88,S95,S93,S85,S86,S87,S92,S59,S45,S47,S49,S51,S53,S55,S10,S11,S14,S20,S40,S15,S17,S18,S19,S8,S9,S1,S16,S62,S34,S6,S60,S81,S82,S83,S84,S29,S30,S31,S32,S36,S38,S39,S41,S42,S43,S68,S76,S77,S1601,S1602,S21,S22,S23,S24,S3,S4,S5
g__Nitrospira_D,0,0.051661408,0.05112679,0.045663124,0.048507225,0.068268002,0,0.030206581,0.072593998,0.038286501,0.045211727,0.06766583,0.066735557,0,0.085374093,0.060339286,0.058277265,0.046372314,0,0.030381359,0,0.048667893,0.037317042,0.040670273,0,0.039711541,0,0,0,0.054208946,0,0.029290785,0,0,0.02929642,0,0.042509218,0.080465374,0,0.053652694,0.049374756,0.049190179,0,0.056728574,0.081920415,0.05117443,0.036376144,0.095531033,0.048892136,0.027550801,0.0418409,0.042060272,0,0.068225906,0.102080637,0,0.0343668,0,0.177981673,0.068226912,0,0.049919491,0,0.050870263,0.102786368,0.079886368,0,0,0,0,0,0.039566175,0.038043073,0.080355111,0.052695453,0.009475585
g__M3007,0,0.018201631,0.034714121,0.043598433,0.050675977,0,0,0.047058553,0.09808626,0.047013307,0.040495669,0,0,0.089632394,0,0,0.054203797,0.046452376,0.076081345,0,0,0.021992641,0.071239049,0.024136906,0,0.036676048,0.022907611,0,0,0,0,0.040329282,0.080946931,0,0.054966148,0,0,0.06623412,0,0,0.046648196,0.019188789,0,0.006827694,0,0.023735797,0.038975382,0.049261892,0.024042282,0.066500619,0,0.050615643,0.088747469,0,0,0.02963031,0.061160958,0,0,0.015617734,0,0.04304581,0,0,0,0,0,0.05103364,0,0.062365904,0,0.0175749,0,0,0,0.059116668
g__Sediminibacterium,0.082771185,0.059912481,0.027853653,0.045191534,0.062890978,0.061747513,0.189524394,0.060353802,0.12185036,0,0.037648719,0.047973735,0,0.080147657,0,0.060394246,0,0.042768953,0,0.044726226,0.065844816,0,0,0.037704559,0.038620195,0.03281474,0.042191178,0,0,0.009685727,0.091340555,0.050709217,0,0,0,0,0,0.062320723,0.066569344,0.035036652,0.017524786,0,0,0,0,0,0,0.069748732,0.025791918,0,0.053872815,0.049083067,0,0,0,0.034149081,0.045016976,0,0.099355754,0,0,0,0.061200238,0.051272397,0,0,0,0.063456998,0,0.06556807,0,0.056623955,0,0,0.048427874,0.034726121
g__Flavobacterium,0.036391225,0.006521605,0.018660799,0.055767134,0.033406286,0,0.094772173,0.070254666,0.070139112,0.04364875,0,0,0,0.081348567,0,0,0,0.051349221,0,0,0,0,0,0.038019752,0.070415024,0.038295576,0.017769494,0.085094772,0,0.033540269,0.106050212,0.0581807,0,0.028679845,0.023711024,0,0,0,0.011562225,0.027219871,0.03238262,0.036656052,0,0,0,0.049716557,0.024139327,0.035932049,0.015125294,0.077385906,0.037734386,0.055561696,0,0,0,0.061917729,0.049726363,0,0,0,0,0.052341862,0,0.006905294,0,0,0,0.077509353,0,0.058131931,0,0,0,0,0.028261915,0.067932549
g__Reyranella,0.011094845,0.069269115,0.044357391,0.04406963,0.064040981,0.070010899,0,0,0,0.04911385,0.051213285,0.075727182,0.065481001,0,0.068496501,0.064620572,0.059600391,0.046372314,0.077432708,0,0.076734064,0,0,0.048700604,0.062965146,0.036554979,0.040785112,0.065489923,0,0.055729974,0,0.040667297,0,0.030109357,0.057925951,0,0.07269517,0.090168907,0.07996446,0.060468428,0.059541348,0.036656052,0.065031426,0.052314254,0.054946404,0.051736121,0.042808242,0,0.045790278,0.062116103,0.058812552,0.046848677,0,0.08250986,0.065503936,0.055015267,0.05583978,0.115583491,0.073250036,0.058627077,0,0.046621491,0.085647695,0.057930956,0.102786368,0.062116611,0,0.032382358,0,0.054597165,0,0.081532749,0.067907641,0,0.061448958,0.050721575
g__Hydrogenophaga,0,0.042906624,0.034553964,0.049128803,0,0,0.218177487,0.03144418,0,0.054999929,0.051425092,0.073145496,0,0,0,0,0.070263066,0.035507416,0.084303333,0.069310491,0,0.051352336,0,0.045791307,0.092022866,0.033148005,0,0,0,0,0,0,0,0.099237894,0.034367442,0,0,0.037771648,0,0.04535132,0.049458395,0.070755638,0.099345598,0.068049442,0.082735809,0.048719765,0.057500871,0.078562641,0.054864008,0.07315002,0.075374615,0.047163431,0,0,0.088584933,0.061444591,0.045287531,0,0,0.056372277,0,0.047063647,0,0,0,0.04695506,0,0.042526549,0.123948468,0,0.092356173,0.050390663,0.06957321,0.119355269,0.045482891,0.063672365
g__Azospirillum,0,0.039946068,0.039812844,0.021872668,0.056001019,0.059719549,0,0.03884224,0,0.03783486,0.049753612,0,0,0,0.038837768,0.049668704,0.040900406,0.040595298,0,0,0.064164399,0.048922663,0.05109829,0.035423002,0.018369009,0.036386314,0.014107865,0.056304757,0,0.045912545,0,0.032582581,0,0.01956121,0,0,0,0,0.078034966,0.025762044,0.043248368,0.057713774,0,0.031319695,0,0.045653903,0.054497978,0,0.042174585,0.06380865,0.05601919,0.042902887,0,0.028372438,0,0.039373144,0.033496658,0,0,0.051655502,0,0.038056598,0,0.054098446,0,0.062608007,0,0.045117929,0.021094402,0,0,0.060870792,0.05258135,0,0.054775021,0.023743257
g__Parvibaculum,0,0.054269371,0.046678955,0,0.032900548,0,0,0.021550164,0.041147118,0.010076749,0.040495669,0.066358547,0,0,0.070047425,0.034277308,0.053327467,0,0,0.072260669,0.045527488,0.047151561,0,0.043960853,0,0,0,0,0,0.043927167,0,0,0.083426586,0.086087517,0,0.135078343,0.066170667,0,0,0.052870776,0,0.054644651,0.06307588,0.060414592,0.046872366,0,0.04929138,0,0.024802704,0.046216735,0.054436867,0,0,0,0.102080637,0,0,0,0.125102552,0.060636905,0,0.037353142,0,0,0.11382701,0.089658459,0.06738009,0,0,0,0,0,0.067465058,0,0.042418287,0.035789878
g__Pseudomonas_E,0,0,0.060906408,0.040367487,0,0.03278491,0.171277849,0.054721796,0,0.030666312,0.047258444,0,0.057489652,0.043987509,0,0.057226526,0.014363558,0.046507229,0,0,0.058433664,0,0.035213445,0.049383482,0,0,0,0.057102626,0.121784408,0,0.114264798,0.03899722,0,0,0.063906152,0,0,0,0.045467797,0,0,0,0.084361923,0,0.088842496,0.049953565,0.051778893,0.054049995,0.042332135,0,0.019581585,0.054066433,0,0,0,0.031944044,0.051078609,0,0,0,0.148196316,0.047624536,0,0.069597951,0.107982377,0.076743051,0.041668889,0.060679858,0.107468081,0,0,0,0,0,0.063148258,0.04961228
g__Phenylobacterium,0.080840394,0.05122721,0.040077019,0.045074781,0.049816132,0.060689712,0,0.047674723,0,0,0.023769257,0,0.021838574,0.084430651,0.053181809,0,0.043881864,0.039424395,0,0.072260669,0.049037016,0.047730262,0,0.045111117,0.044046038,0.035624031,0.06916388,0,0,0.041817013,0,0.035338938,0,0.061750994,0.061240542,0,0.067591352,0,0.061086011,0.060297113,0.048580004,0.0496153,0.073199016,0.020344801,0.06802526,0.040080993,0.049182207,0.072241242,0.039872426,0.07252244,0.046921998,0.032303805,0,0,0,0.055712376,0.048706515,0,0,0.057482268,0,0.049346829,0.053074404,0.036212977,0.058532205,0.013410538,0.056768866,0.034199498,0,0.047694608,0,0.076110576,0,0,0.047019988,0.021305719
g__Sideroxyarcus,0.104637426,0.043163754,0.031002014,0.047971345,0.046752599,0.068016896,0,0.009287225,0.126605236,0.042590866,0.009756422,0,0,0.049110179,0.078324046,0.058673686,0.078583016,0,0,0,0,0.061880253,0.073444824,0,0.051244158,0.025166966,0,0,0.131873294,0.057202249,0.080978535,0.031788621,0,0.066351851,0,0.077721578,0.075317418,0,0,0.063921336,0.020181687,0.056513039,0,0.064946646,0.074474353,0.054552447,0.032487935,0,0.037857939,0,0.058147734,0.01039263,0.139792377,0,0.107095816,0,0.041194225,0,0,0.020132937,0,0.02997909,0,0,0,0.047857046,0.037495032,0,0,0.064105612,0,0.025049866,0.038507565,0,0.009860373,0
g__Rhodoferax,0.095567732,0,0.036638205,0.051091559,0.049697573,0.059475833,0,0.050796899,0,0.04329734,0.031911251,0.075677252,0.078120638,0,0.068860804,0.043576232,0,0.032964963,0.094423754,0.060962308,0.061385525,0,0,0.015238158,0.07732023,0.034567172,0,0,0,0,0,0.047926055,0.08686126,0.06019477,0.066651412,0,0,0.062420427,0.062440724,0,0.043686123,0.047914003,0.082782457,0,0,0.045525418,0.019876741,0,0.038737976,0,0,0.04344082,0.088747469,0,0,0,0,0.1412888,0,0.058031652,0,0.040574845,0.041003122,0.041315815,0,0,0.056918428,0.061569257,0,0.028635818,0,0,0.06315689,0,0.047959251,0.057650892
g__Thiobacillus,0.106766659,0.041698372,0.038561489,0.025349107,0,0.055385448,0,0,0,0.044964375,0.032383747,0.06726305,0.068470629,0.055854094,0.078576925,0.047403621,0.058602402,0,0.074627756,0.085631806,0,0.049736293,0.071537347,0.025881647,0.062768923,0.037441655,0.053132117,0,0,0.050594616,0,0,0.078128273,0.03874711,0.049101921,0.118950529,0.057675765,0,0,0.054899697,0.048296596,0.012833351,0,0.053892604,0,0.054332758,0.040368568,0,0.041824612,0.046216735,0.067641567,0,0,0.061285811,0.089820103,0,0,0,0,0.059258082,0,0.035581823,0,0,0,0.05407932,0.079660194,0,0.085164693,0,0,0.071832713,0.037802379,0,0.021397708,0
g__Vitreimonas,0,0.059731019,0.033264329,0.029735447,0.052590955,0.054518138,0,0.031052121,0,0.041255266,0.049758569,0,0,0.08741718,0,0.050441273,0.047836652,0.043337534,0,0,0.025463904,0.029516837,0.063832672,0.041343376,0.025689614,0.041928572,0,0,0,0.039815704,0,0.030699477,0,0.039037655,0.037123886,0,0,0,0.036648348,0.048035868,0.055987241,0.042943116,0.087825903,0.048274723,0,0.033940214,0.042570777,0,0.03871347,0,0.034613197,0.038056988,0,0.046693207,0,0,0.043085244,0,0,0.023180694,0,0.051292875,0,0.05557799,0,0.026643611,0,0.028051824,0.083548941,0.059975575,0,0.033958747,0.036502366,0,0.04255885,0.039850726
g__Brevundimonas,0,0,0.038865306,0.046506846,0.022308067,0,0,0.04665897,0,0.044358815,0.036400162,0.072572712,0,0.106128279,0.059995639,0.031203591,0,0.038324911,0,0,0,0.043132723,0.076670966,0.040155533,0.038620195,0.038133716,0.064518361,0,0,0.027399049,0,0.030190545,0.048999625,0,0.047870731,0,0.072640752,0,0.029549958,0.055217415,0.047299754,0,0,0.015782458,0.052712981,0.044255577,0.035875922,0,0.02746999,0.072774577,0.05963975,0.040349193,0,0.01428684,0,0.068336929,0.048454061,0,0,0,0,0,0,0,0,0,0.068528371,0.051494586,0,0.058832534,0.090395574,0.070392778,0.038278047,0,0.031311336,0.058114994
g__Methyloversatilis,0.100616288,0.038506517,0.03659125,0,0.052676639,0.047238326,0,0.01848899,0,0.036091098,0.032448644,0.038124091,0,0.069712244,0.078086898,0.065149665,0.055322793,0.00746683,0.070737127,0,0.057851395,0.05237623,0.070812218,0.012892883,0.10429093,0.036624485,0,0.021992888,0,0.059930874,0,0.024000406,0.117330583,0.058088678,0.059079658,0,0.076410206,0.075192838,0.065387293,0.058944119,0.051406411,0.054164038,0.064721956,0.054131415,0.086233434,0.054844118,0.043905298,0.018555435,0.04538385,0,0.068503088,0.030387697,0,0,0,0.069574687,0.056322392,0,0,0.062868521,0,0.040515597,0,0.065984729,0,0.068085767,0.029983069,0.013079044,0.138024546,0.067001062,0.063976546,0.070649618,0.067098109,0.059795597,0.049905388,0.005988874
g__Afipia,0.093261995,0.047393373,0.030157136,0,0.065853987,0.074191261,0,0.034317888,0,0,0.044630497,0,0,0,0,0.064701315,0,0.036223863,0.068102389,0.083150272,0.075015509,0.0494286,0,0.036235065,0,0,0.039749335,0,0,0.045699372,0,0.027975179,0,0.060269181,0.04938465,0,0.077871851,0.069369804,0.07353519,0.062181448,0.044945969,0,0,0.037937557,0,0.057495445,0.039943699,0,0.037928196,0,0,0.008244828,0,0,0,0.034149081,0.051517577,0,0,0,0,0,0,0.052028496,0.116396052,0,0.06094089,0,0,0.059148034,0.117809845,0,0,0,0.052800957,0
g__Nitrosomonas,0.084163442,0.05691659,0.05485539,0.047388024,0,0.044233431,0,0,0.070139112,0.047680018,0.031251156,0,0.097122746,0.0759233,0.076630262,0,0.054902417,0.034279858,0,0.063905483,0,0.07805895,0,0.022641375,0,0.04085722,0.067537477,0.117615416,0.193244929,0.084085584,0.140458334,0.039174705,0,0,0.027638723,0.113189672,0.070317314,0.062811386,0.047895266,0.057758297,0.045906926,0.055319398,0.094828452,0.058610093,0.086233434,0.045580757,0.02978016,0.075911398,0.048183857,0.05389716,0.047259238,0.043847622,0,0,0,0.03538378,0.028313535,0,0.13362874,0.071584552,0.186706911,0.041616488,0.104262244,0.056121803,0,0.105512106,0.067997894,0,0,0,0,0.083323127,0.038507565,0.072467392,0.043969617,0
g__Methylomonas,0.078050225,0.04506025,0,0,0.028664902,0,0,0.034317888,0.112020862,0.049233102,0.025924223,0.066739423,0.096777498,0.058595128,0.078864628,0.049494555,0.047613073,0.033912331,0.075124589,0.128103476,0,0.049717407,0.06021193,0.032952921,0.071679368,0.034739745,0.071796227,0,0,0.060468738,0,0,0.015718448,0.048062024,0.065186351,0,0,0.075974435,0,0,0.040978097,0,0.085303826,0,0.017168278,0,0,0,0.02746999,0,0,0,0.15190072,0.117597121,0.130975251,0.094483271,0.057056851,0,0.097144788,0.061043972,0,0,0,0,0,0.046229288,0.103721411,0,0,0.073828786,0.119826534,0.063305372,0.051675201,0.071580473,0,0
g__Gp6-AA40,0,0,0.034289047,0,0.058801437,0.058704022,0,0.019367036,0,0.015077299,0.054145189,0,0,0,0,0.037881794,0,0.038107466,0,0,0.052422231,0.050876594,0,0.044503388,0,0.023245527,0,0,0,0,0,0.028793667,0,0,0,0,0.038065005,0,0.028262798,0.03054491,0,0.048316659,0,0.03306467,0.021615679,0.041024044,0.059219272,0,0.035338061,0.028536393,0.039736458,0.033183549,0,0,0,0.01968004,0,0,0,0,0,0.051500139,0,0,0,0,0,0.015168408,0,0,0,0,0.071354599,0,0,0.03333976
g__Limnobacter,0,0.043736494,0.046596892,0.014189575,0,0,0,0,0,0.018565051,0.052603988,0.077503324,0,0,0,0.048375975,0,0.04149597,0,0.076042178,0.053275625,0.061476266,0,0.041972685,0,0.040873233,0.050526757,0,0,0,0,0.022599474,0,0,0,0,0.039629351,0.0443013,0,0.051877279,0.052093901,0.070936233,0,0.073666971,0,0.036712094,0.058015844,0.057514483,0.04413197,0.040582635,0,0.044665343,0,0,0,0.04625151,0.011421791,0,0,0.058929456,0,0,0.062777679,0,0,0.076284818,0.04964103,0,0.13736279,0,0,0.050098274,0.092890274,0,0.035184518,0.040296849
g__Sphingorhabdus_B,0.081985213,0.042641897,0.040421576,0.053743269,0.058744482,0.067834467,0,0.057797078,0,0.045812381,0.041990326,0.083595421,0,0,0,0.058782914,0.026999374,0.044360977,0.118881084,0.0622477,0.056391554,0.053751514,0,0.045254357,0.047158734,0.055982779,0.056832238,0,0,0.050737761,0,0.046932488,0,0.03569135,0.050503147,0.169774252,0,0.063826777,0.034293186,0.043722195,0.038323525,0.07587279,0.079283172,0.075631644,0,0.051501822,0.050018351,0,0.039219726,0.059036124,0,0.051329939,0.096308603,0,0,0.052846273,0.048513046,0,0,0,0.132699243,0.046621491,0.082576241,0.04491225,0,0.065557945,0.068295447,0.060315463,0,0.057782152,0.094151171,0,0.032010923,0.070654963,0.037727356,0.058204711
g__Rubrivivax,0,0.037453879,0.043800079,0.056655831,0.051025291,0.056001956,0,0.050084725,0,0.038836192,0.041397224,0,0,0,0.059341967,0.055199465,0.040475169,0.046975391,0,0,0.023357613,0,0.061460775,0.038624443,0,0.045017046,0.053487538,0.07807645,0,0.051967234,0,0.044778098,0,0.057228887,0.058563861,0,0.056383999,0,0,0.039345401,0.058036059,0.058715811,0,0.058009712,0,0.051591578,0.049283639,0,0.038161177,0.076555781,0.049664686,0.042390849,0,0,0.070157783,0.05189378,0.061829314,0,0.082344373,0.051818434,0,0.050845275,0,0.051321476,0,0,0,0.051563438,0,0.072843938,0,0.073362686,0.039581409,0,0.046375684,0.054736286
g__Limnohabitans_A,0,0,0.023173643,0.01894456,0,0,0,0.0625242,0.115564056,0.038012041,0.024214867,0,0,0,0,0,0.017340533,0.048172683,0.078283513,0,0.032705414,0.041873516,0.027175386,0.054598713,0.035574118,0,0,0.062020654,0,0.01415758,0,0.055722202,0.089802762,0.038448291,0,0,0.047971827,0,0,0,0,0,0,0,0,0.01692997,0,0,0.034291222,0,0,0.050453311,0,0,0,0.05851403,0.048513046,0,0,0,0,0.023327383,0,0,0,0,0,0.068966651,0,0.065871671,0.051032574,0,0.007165235,0,0,0.037875157
g__Silanimonas,0,0,0,0.032632174,0,0,0,0,0,0,0.050073126,0.058155825,0.167799273,0,0,0,0.039841942,0.03112874,0.051220416,0,0,0,0.052929903,0,0,0.03951048,0.110759722,0.067740006,0,0,0,0.020442857,0.102601343,0,0,0,0,0.040341817,0,0,0,0,0,0,0,0.027673102,0,0.109388828,0,0.0650014,0.043807855,0.034041799,0.149852322,0.178035049,0,0,0,0.220805549,0,0,0.11777369,0,0.095212896,0,0.174991157,0.044335202,0.058453935,0,0.142052744,0,0.112504642,0,0,0.103157158,0,0
g__Caldora,0,0,0,0.031027967,0,0,0,0.053310214,0,0.021282754,0,0,0,0,0,0,0,0.034739856,0,0,0.041006604,0,0,0.025067987,0,0.036118533,0,0,0,0,0,0.043334722,0.075559607,0,0,0,0,0,0,0,0,0.031493171,0.080002546,0.048945331,0.073464413,0,0,0.044487329,0,0,0,0,0,0,0.103109725,0,0,0,0,0.026754838,0,0,0,0,0,0,0,0.054782046,0,0,0,0,0,0,0.03988066,0.078745908
g__Prochlorococcus_A,0,0.041291303,0.02855308,0.052740916,0.037488014,0,0,0.072121907,0.121094407,0.030148798,0,0,0,0,0,0,0,0.031442159,0.089804552,0,0.04256662,0.03175009,0,0,0,0.03682791,0,0,0,0.030762546,0,0.055336793,0.077515336,0.047940541,0,0,0,0.053908603,0,0,0,0,0,0,0,0,0,0,0,0.037675517,0,0.038099042,0,0,0,0,0,0,0,0,0,0,0,0,0,0,0,0.077766503,0,0,0,0,0,0,0,0
g__Aquabacterium,0,0.030291142,0.034389684,0.039916652,0,0.031687368,0.232134035,0,0,0,0,0,0,0,0,0,0.047499038,0.041322839,0,0,0,0,0,0.035005592,0.058573779,0.032950457,0,0,0,0,0.123947387,0,0,0.093477674,0,0.135078343,0,0,0.065201303,0,0,0,0,0.053540418,0.073922024,0,0.028294303,0,0.024042282,0,0.059364189,0.048634976,0.101423135,0,0,0,0,0,0.148984692,0,0.153279357,0.046082101,0,0.059689669,0,0,0.058053774,0.047673183,0.103772837,0,0,0,0.060963009,0.117846403,0,0.044850992
g__Methylobacter_C,0,0,0,0,0,0,0,0.033467825,0,0.022648199,0,0,0,0,0.070274428,0.036129515,0.032836178,0,0,0.068745971,0,0,0.100030375,0.026253002,0.054321133,0.022082119,0,0,0,0.058701116,0,0.033691067,0,0,0.060110417,0,0.045679117,0,0.039947003,0.047381828,0,0,0,0,0,0,0,0,0.04302763,0,0,0,0.122929496,0.081255155,0,0,0,0,0,0.080345266,0.184351917,0.039285648,0,0.041729841,0,0,0.062261121,0.035305915,0,0,0.087307185,0,0,0.031855851,0,0
g__Dethiobacter,0,0,0,0,0,0,0,0,0,0.020052969,0,0.046009807,0,0,0,0,0,0,0,0.044726226,0.043095181,0.020002872,0.056860251,0,0.014584741,0,0.086848113,0.141676686,0.175527982,0,0.132527256,0.033880698,0,0,0,0,0,0,0,0,0,0,0,0,0,0,0.026218973,0.046914397,0.015125294,0,0,0,0,0.119968111,0,0,0,0.217329333,0,0,0,0,0.091690148,0.045383056,0,0,0,0,0,0,0,0,0,0,0,0
g__Methylotenera,0,0.054147052,0.030221321,0.039486706,0,0,0,0,0,0.06747379,0,0,0.097122746,0,0,0,0,0,0,0,0,0,0,0.032995231,0,0.03529366,0,0.093089844,0,0,0,0,0.099869281,0,0.076018864,0.159763339,0,0.081321917,0.045835586,0,0.04091831,0,0,0,0.055355098,0,0.017620175,0.069986441,0,0,0,0,0,0,0.092106945,0.07124427,0.054623408,0,0,0.028877317,0,0,0.087893643,0,0.160373138,0,0,0,0,0.0727037,0,0,0,0.109346594,0,0.048649239
g__Cupriavidus,0,0,0,0,0.051589235,0,0,0,0,0,0,0,0,0.079221536,0,0,0.031704256,0,0,0,0,0.035732369,0.057758004,0,0,0,0,0,0.137619969,0.006121927,0,0,0,0,0,0,0.061609965,0,0.09743808,0,0.041984965,0.04393112,0,0,0,0,0,0,0,0,0,0,0,0,0,0,0,0,0,0,0,0.027745809,0,0.075468374,0,0,0,0,0,0,0,0.043940207,0,0,0.073279361,0
g__Serpentinimonas,0,0,0,0,0,0,0,0,0,0,0.032886368,0.050317865,0.132460361,0,0,0,0,0,0,0,0.048343888,0,0,0,0,0.034800098,0.103623345,0.108607032,0.162910279,0.051946795,0.150672718,0.036544784,0,0,0,0.025176793,0,0,0,0,0,0,0,0,0,0,0,0.08603494,0,0,0,0,0,0.146215423,0,0,0,0.211783522,0,0,0,0.041842511,0.184443582,0.056267422,0,0,0,0,0,0,0.121196124,0,0,0.116636393,0,0